model_id,label,variant,model_status,point_status,selected_epoch,training_epochs,checkpoint,checkpoint_sha256,epsilon_pixels,epsilon,attack,robust_accuracy,clean_accuracy,cross_entropy,samples,steps,restarts,step_size,seed,max_linf,per_class_accuracy
base_10,"Base CE, 10 epochs",baseline,complete,measured,10,10,/users/faculty/pandit/code/robust-kernels/runs/fashion10-constant-step/baseline/model.pt,9a394a1d69e003a028f15d47b185579003c235368d30327ff537861c7dc646d5,0,0.0,clean,0.848,0.848,0.48962865705048897,1000,0,0,0.0,42,0.0,"[0.74,0.95,0.84,0.87,0.73,0.97,0.57,0.94,0.94,0.93]"
base_10,"Base CE, 10 epochs",baseline,complete,measured,10,10,/users/faculty/pandit/code/robust-kernels/runs/fashion10-constant-step/baseline/model.pt,9a394a1d69e003a028f15d47b185579003c235368d30327ff537861c7dc646d5,2,0.00784313725490196,pgd-ce-linf,0.823,0.848,0.5415512275695801,1000,20,1,0.00196078431372549,42,0.0078431386500597,"[0.72,0.95,0.82,0.85,0.66,0.93,0.51,0.93,0.94,0.92]"
base_10,"Base CE, 10 epochs",baseline,complete,measured,10,10,/users/faculty/pandit/code/robust-kernels/runs/fashion10-constant-step/baseline/model.pt,9a394a1d69e003a028f15d47b185579003c235368d30327ff537861c7dc646d5,4,0.01568627450980392,pgd-ce-linf,0.791,0.848,0.5977549152374267,1000,20,1,0.00392156862745098,42,0.0156862773001194,"[0.7,0.94,0.75,0.8,0.6,0.91,0.46,0.91,0.93,0.91]"
base_10,"Base CE, 10 epochs",baseline,complete,measured,10,10,/users/faculty/pandit/code/robust-kernels/runs/fashion10-constant-step/baseline/model.pt,9a394a1d69e003a028f15d47b185579003c235368d30327ff537861c7dc646d5,8,0.03137254901960784,pgd-ce-linf,0.73,0.848,0.7244983673095703,1000,20,1,0.00784313725490196,42,0.0313725546002388,"[0.67,0.92,0.61,0.73,0.55,0.86,0.32,0.86,0.9,0.88]"
base_10,"Base CE, 10 epochs",baseline,complete,measured,10,10,/users/faculty/pandit/code/robust-kernels/runs/fashion10-constant-step/baseline/model.pt,9a394a1d69e003a028f15d47b185579003c235368d30327ff537861c7dc646d5,12,0.047058823529411764,pgd-ce-linf,0.664,0.848,0.8719002456665039,1000,20,1,0.011764705882352941,42,0.0470588281750679,"[0.58,0.91,0.51,0.69,0.38,0.83,0.23,0.8,0.84,0.87]"
base_10,"Base CE, 10 epochs",baseline,complete,measured,10,10,/users/faculty/pandit/code/robust-kernels/runs/fashion10-constant-step/baseline/model.pt,9a394a1d69e003a028f15d47b185579003c235368d30327ff537861c7dc646d5,16,0.06274509803921569,pgd-ce-linf,0.588,0.848,1.0412213859558106,1000,20,1,0.01568627450980392,42,0.0627451092004776,"[0.51,0.91,0.4,0.63,0.24,0.71,0.14,0.75,0.77,0.82]"
base_200,"Base CE, 200 epochs",baseline,complete,measured,200,200,/users/faculty/pandit/code/robust-kernels/runs/fashion10-matern52-ce/baseline/model.pt,ea5b82cbf0f9466863894fe23f914f234e34fb3ba16d4978c7df90a3dfb5724a,0,0.0,clean,0.887,0.887,0.33017478533620215,1000,0,0,0.0,42,0.0,"[0.83,0.96,0.9,0.88,0.75,0.97,0.67,0.98,0.98,0.95]"
base_200,"Base CE, 200 epochs",baseline,complete,measured,200,200,/users/faculty/pandit/code/robust-kernels/runs/fashion10-matern52-ce/baseline/model.pt,ea5b82cbf0f9466863894fe23f914f234e34fb3ba16d4978c7df90a3dfb5724a,2,0.00784313725490196,pgd-ce-linf,0.852,0.887,0.42453092193603514,1000,20,1,0.00196078431372549,42,0.0078431386500597,"[0.77,0.96,0.82,0.84,0.72,0.97,0.59,0.96,0.97,0.92]"
base_200,"Base CE, 200 epochs",baseline,complete,measured,200,200,/users/faculty/pandit/code/robust-kernels/runs/fashion10-matern52-ce/baseline/model.pt,ea5b82cbf0f9466863894fe23f914f234e34fb3ba16d4978c7df90a3dfb5724a,4,0.01568627450980392,pgd-ce-linf,0.807,0.887,0.5408041400909424,1000,20,1,0.00392156862745098,42,0.0156862773001194,"[0.69,0.95,0.73,0.81,0.64,0.95,0.49,0.94,0.97,0.9]"
base_200,"Base CE, 200 epochs",baseline,complete,measured,200,200,/users/faculty/pandit/code/robust-kernels/runs/fashion10-matern52-ce/baseline/model.pt,ea5b82cbf0f9466863894fe23f914f234e34fb3ba16d4978c7df90a3dfb5724a,8,0.03137254901960784,pgd-ce-linf,0.67,0.887,0.8529466171264648,1000,20,1,0.00784313725490196,42,0.0313725546002388,"[0.49,0.95,0.45,0.68,0.42,0.85,0.24,0.9,0.87,0.85]"
base_200,"Base CE, 200 epochs",baseline,complete,measured,200,200,/users/faculty/pandit/code/robust-kernels/runs/fashion10-matern52-ce/baseline/model.pt,ea5b82cbf0f9466863894fe23f914f234e34fb3ba16d4978c7df90a3dfb5724a,12,0.047058823529411764,pgd-ce-linf,0.534,0.887,1.2870307464599609,1000,20,1,0.011764705882352941,42,0.0470588281750679,"[0.35,0.94,0.19,0.55,0.15,0.72,0.06,0.79,0.79,0.8]"
base_200,"Base CE, 200 epochs",baseline,complete,measured,200,200,/users/faculty/pandit/code/robust-kernels/runs/fashion10-matern52-ce/baseline/model.pt,ea5b82cbf0f9466863894fe23f914f234e34fb3ba16d4978c7df90a3dfb5724a,16,0.06274509803921569,pgd-ce-linf,0.404,0.887,1.845038429260254,1000,20,1,0.01568627450980392,42,0.0627451092004776,"[0.16,0.91,0.04,0.45,0.02,0.55,0.0,0.55,0.68,0.68]"
robust_step_0p01,"Robust step 0.01, 10 epochs",robust,complete,measured,10,10,/users/faculty/pandit/code/robust-kernels/runs/fashion10-constant-step/robust/model.pt,06a6fed8c2971a95f934d4272298d33cfd1b3a48c866d3c0278fcc303f5c5702,0,0.0,clean,0.839,0.839,0.61704250135459,1000,0,0,0.0,42,0.0,"[0.72,0.95,0.84,0.87,0.75,0.93,0.52,0.93,0.93,0.95]"
robust_step_0p01,"Robust step 0.01, 10 epochs",robust,complete,measured,10,10,/users/faculty/pandit/code/robust-kernels/runs/fashion10-constant-step/robust/model.pt,06a6fed8c2971a95f934d4272298d33cfd1b3a48c866d3c0278fcc303f5c5702,2,0.00784313725490196,pgd-ce-linf,0.811,0.839,0.6536271381378174,1000,20,1,0.00196078431372549,42,0.0078431386500597,"[0.7,0.95,0.79,0.82,0.68,0.92,0.5,0.91,0.92,0.92]"
robust_step_0p01,"Robust step 0.01, 10 epochs",robust,complete,measured,10,10,/users/faculty/pandit/code/robust-kernels/runs/fashion10-constant-step/robust/model.pt,06a6fed8c2971a95f934d4272298d33cfd1b3a48c866d3c0278fcc303f5c5702,4,0.01568627450980392,pgd-ce-linf,0.794,0.839,0.6919507694244384,1000,20,1,0.00392156862745098,42,0.0156862773001194,"[0.7,0.94,0.75,0.81,0.64,0.92,0.46,0.9,0.9,0.92]"
robust_step_0p01,"Robust step 0.01, 10 epochs",robust,complete,measured,10,10,/users/faculty/pandit/code/robust-kernels/runs/fashion10-constant-step/robust/model.pt,06a6fed8c2971a95f934d4272298d33cfd1b3a48c866d3c0278fcc303f5c5702,8,0.03137254901960784,pgd-ce-linf,0.753,0.839,0.7743168849945068,1000,20,1,0.00784313725490196,42,0.0313725546002388,"[0.68,0.93,0.67,0.76,0.6,0.9,0.35,0.88,0.85,0.91]"
robust_step_0p01,"Robust step 0.01, 10 epochs",robust,complete,measured,10,10,/users/faculty/pandit/code/robust-kernels/runs/fashion10-constant-step/robust/model.pt,06a6fed8c2971a95f934d4272298d33cfd1b3a48c866d3c0278fcc303f5c5702,12,0.047058823529411764,pgd-ce-linf,0.695,0.839,0.8646480941772461,1000,20,1,0.011764705882352941,42,0.0470588281750679,"[0.63,0.92,0.59,0.68,0.52,0.84,0.23,0.82,0.82,0.9]"
robust_step_0p01,"Robust step 0.01, 10 epochs",robust,complete,measured,10,10,/users/faculty/pandit/code/robust-kernels/runs/fashion10-constant-step/robust/model.pt,06a6fed8c2971a95f934d4272298d33cfd1b3a48c866d3c0278fcc303f5c5702,16,0.06274509803921569,pgd-ce-linf,0.657,0.839,0.9631149368286133,1000,20,1,0.01568627450980392,42,0.0627451092004776,"[0.6,0.91,0.53,0.65,0.48,0.8,0.17,0.8,0.77,0.86]"
robust_step_0p03,"Robust step 0.03, 3 epochs",robust,complete,measured,3,3,/users/faculty/pandit/code/robust-kernels/runs/fashion10-learning-rates/step_0.03/robust/model.pt,a628a0330ee92dec4048ac3ab391bf4295205fc2c754fa6143c2d12575b275b4,0,0.0,clean,0.826,0.826,0.6258590154256671,1000,0,0,0.0,42,0.0,"[0.72,0.95,0.81,0.87,0.72,0.92,0.52,0.93,0.88,0.94]"
robust_step_0p03,"Robust step 0.03, 3 epochs",robust,complete,measured,3,3,/users/faculty/pandit/code/robust-kernels/runs/fashion10-learning-rates/step_0.03/robust/model.pt,a628a0330ee92dec4048ac3ab391bf4295205fc2c754fa6143c2d12575b275b4,2,0.00784313725490196,pgd-ce-linf,0.807,0.826,0.6627520923614502,1000,20,1,0.00196078431372549,42,0.0078431386500597,"[0.71,0.94,0.75,0.85,0.69,0.92,0.51,0.93,0.85,0.92]"
robust_step_0p03,"Robust step 0.03, 3 epochs",robust,complete,measured,3,3,/users/faculty/pandit/code/robust-kernels/runs/fashion10-learning-rates/step_0.03/robust/model.pt,a628a0330ee92dec4048ac3ab391bf4295205fc2c754fa6143c2d12575b275b4,4,0.01568627450980392,pgd-ce-linf,0.783,0.826,0.7013736705780029,1000,20,1,0.00392156862745098,42,0.0156862773001194,"[0.69,0.93,0.71,0.82,0.65,0.91,0.46,0.9,0.84,0.92]"
robust_step_0p03,"Robust step 0.03, 3 epochs",robust,complete,measured,3,3,/users/faculty/pandit/code/robust-kernels/runs/fashion10-learning-rates/step_0.03/robust/model.pt,a628a0330ee92dec4048ac3ab391bf4295205fc2c754fa6143c2d12575b275b4,8,0.03137254901960784,pgd-ce-linf,0.746,0.826,0.7843040313720703,1000,20,1,0.00784313725490196,42,0.0313725546002388,"[0.65,0.93,0.64,0.77,0.58,0.9,0.38,0.88,0.82,0.91]"
robust_step_0p03,"Robust step 0.03, 3 epochs",robust,complete,measured,3,3,/users/faculty/pandit/code/robust-kernels/runs/fashion10-learning-rates/step_0.03/robust/model.pt,a628a0330ee92dec4048ac3ab391bf4295205fc2c754fa6143c2d12575b275b4,12,0.047058823529411764,pgd-ce-linf,0.689,0.826,0.8751512184143067,1000,20,1,0.011764705882352941,42,0.0470588281750679,"[0.61,0.91,0.57,0.71,0.5,0.83,0.29,0.83,0.74,0.9]"
robust_step_0p03,"Robust step 0.03, 3 epochs",robust,complete,measured,3,3,/users/faculty/pandit/code/robust-kernels/runs/fashion10-learning-rates/step_0.03/robust/model.pt,a628a0330ee92dec4048ac3ab391bf4295205fc2c754fa6143c2d12575b275b4,16,0.06274509803921569,pgd-ce-linf,0.649,0.826,0.9740807151794434,1000,20,1,0.01568627450980392,42,0.0627451092004776,"[0.58,0.9,0.49,0.67,0.46,0.79,0.19,0.81,0.72,0.88]"
robust_step_0p10,"Robust step 0.10, 10 epochs",robust,complete,measured,10,10,/users/faculty/pandit/code/robust-kernels/runs/fashion10-learning-rates/step_0.10/robust/model.pt,c0b584a75bcfd43199f90684dab3b3b1332e1bb44e0e8f72926bf9f501dc2a4f,0,0.0,clean,0.85,0.85,0.4991544237583876,1000,0,0,0.0,42,0.0,"[0.74,0.95,0.81,0.87,0.77,0.96,0.58,0.96,0.95,0.91]"
robust_step_0p10,"Robust step 0.10, 10 epochs",robust,complete,measured,10,10,/users/faculty/pandit/code/robust-kernels/runs/fashion10-learning-rates/step_0.10/robust/model.pt,c0b584a75bcfd43199f90684dab3b3b1332e1bb44e0e8f72926bf9f501dc2a4f,2,0.00784313725490196,pgd-ce-linf,0.844,0.85,0.5323108215332031,1000,20,1,0.00196078431372549,42,0.0078431386500597,"[0.73,0.95,0.81,0.87,0.76,0.95,0.56,0.95,0.95,0.91]"
robust_step_0p10,"Robust step 0.10, 10 epochs",robust,complete,measured,10,10,/users/faculty/pandit/code/robust-kernels/runs/fashion10-learning-rates/step_0.10/robust/model.pt,c0b584a75bcfd43199f90684dab3b3b1332e1bb44e0e8f72926bf9f501dc2a4f,4,0.01568627450980392,pgd-ce-linf,0.827,0.85,0.5673341121673584,1000,20,1,0.00392156862745098,42,0.0156862773001194,"[0.72,0.94,0.77,0.85,0.74,0.94,0.51,0.95,0.94,0.91]"
robust_step_0p10,"Robust step 0.10, 10 epochs",robust,complete,measured,10,10,/users/faculty/pandit/code/robust-kernels/runs/fashion10-learning-rates/step_0.10/robust/model.pt,c0b584a75bcfd43199f90684dab3b3b1332e1bb44e0e8f72926bf9f501dc2a4f,8,0.03137254901960784,pgd-ce-linf,0.796,0.85,0.643571403503418,1000,20,1,0.00784313725490196,42,0.0313725546002388,"[0.7,0.94,0.67,0.83,0.69,0.94,0.44,0.93,0.91,0.91]"
robust_step_0p10,"Robust step 0.10, 10 epochs",robust,complete,measured,10,10,/users/faculty/pandit/code/robust-kernels/runs/fashion10-learning-rates/step_0.10/robust/model.pt,c0b584a75bcfd43199f90684dab3b3b1332e1bb44e0e8f72926bf9f501dc2a4f,12,0.047058823529411764,pgd-ce-linf,0.749,0.85,0.7286270751953124,1000,20,1,0.011764705882352941,42,0.0470588281750679,"[0.64,0.93,0.58,0.77,0.62,0.92,0.35,0.9,0.88,0.9]"
robust_step_0p10,"Robust step 0.10, 10 epochs",robust,complete,measured,10,10,/users/faculty/pandit/code/robust-kernels/runs/fashion10-learning-rates/step_0.10/robust/model.pt,c0b584a75bcfd43199f90684dab3b3b1332e1bb44e0e8f72926bf9f501dc2a4f,16,0.06274509803921569,pgd-ce-linf,0.717,0.85,0.8229866485595703,1000,20,1,0.01568627450980392,42,0.0627451092004776,"[0.6,0.92,0.54,0.75,0.58,0.88,0.31,0.87,0.86,0.86]"
robust_step_0p30,"Robust step 0.30, 10 epochs",robust,complete,measured,10,10,/users/faculty/pandit/code/robust-kernels/runs/fashion10-learning-rates/step_0.30/robust/model.pt,ab208c6412cd760a6192c4a89172a859d36654f27fd8b72592af8332201686de,0,0.0,clean,0.85,0.85,0.4605267900582403,1000,0,0,0.0,42,0.0,"[0.75,0.95,0.71,0.88,0.83,0.95,0.6,0.97,0.95,0.91]"
robust_step_0p30,"Robust step 0.30, 10 epochs",robust,complete,measured,10,10,/users/faculty/pandit/code/robust-kernels/runs/fashion10-learning-rates/step_0.30/robust/model.pt,ab208c6412cd760a6192c4a89172a859d36654f27fd8b72592af8332201686de,2,0.00784313725490196,pgd-ce-linf,0.842,0.85,0.4930506553649902,1000,20,1,0.00196078431372549,42,0.0078431386500597,"[0.74,0.95,0.67,0.87,0.82,0.95,0.59,0.97,0.95,0.91]"
robust_step_0p30,"Robust step 0.30, 10 epochs",robust,complete,measured,10,10,/users/faculty/pandit/code/robust-kernels/runs/fashion10-learning-rates/step_0.30/robust/model.pt,ab208c6412cd760a6192c4a89172a859d36654f27fd8b72592af8332201686de,4,0.01568627450980392,pgd-ce-linf,0.826,0.85,0.5275167789459229,1000,20,1,0.00392156862745098,42,0.0156862773001194,"[0.73,0.95,0.63,0.85,0.8,0.94,0.56,0.97,0.94,0.89]"
robust_step_0p30,"Robust step 0.30, 10 epochs",robust,complete,measured,10,10,/users/faculty/pandit/code/robust-kernels/runs/fashion10-learning-rates/step_0.30/robust/model.pt,ab208c6412cd760a6192c4a89172a859d36654f27fd8b72592af8332201686de,8,0.03137254901960784,pgd-ce-linf,0.791,0.85,0.6029162540435791,1000,20,1,0.00784313725490196,42,0.0313725546002388,"[0.69,0.94,0.56,0.83,0.75,0.91,0.48,0.96,0.91,0.88]"
robust_step_0p30,"Robust step 0.30, 10 epochs",robust,complete,measured,10,10,/users/faculty/pandit/code/robust-kernels/runs/fashion10-learning-rates/step_0.30/robust/model.pt,ab208c6412cd760a6192c4a89172a859d36654f27fd8b72592af8332201686de,12,0.047058823529411764,pgd-ce-linf,0.755,0.85,0.6876410484313965,1000,20,1,0.011764705882352941,42,0.0470588281750679,"[0.65,0.94,0.48,0.78,0.74,0.89,0.4,0.94,0.88,0.85]"
robust_step_0p30,"Robust step 0.30, 10 epochs",robust,complete,measured,10,10,/users/faculty/pandit/code/robust-kernels/runs/fashion10-learning-rates/step_0.30/robust/model.pt,ab208c6412cd760a6192c4a89172a859d36654f27fd8b72592af8332201686de,16,0.06274509803921569,pgd-ce-linf,0.717,0.85,0.7823296337127685,1000,20,1,0.01568627450980392,42,0.0627451092004776,"[0.6,0.94,0.41,0.72,0.68,0.88,0.34,0.94,0.83,0.83]"
robust_step_0p30_refine10,"Refinement replay, epoch 4",single-epoch projection sensitivity: ten factor steps only in epoch four,complete,measured,4,4,/users/faculty/pandit/code/robust-kernels/runs/fashion10-learning-rates/projection_steps10_step0.30/robust/model.pt,17f3da24d3915e87430ab95ab889d6fed863df350dd7a19f6b42985b85704796,0,0.0,clean,0.859,0.859,0.49797174728568644,1000,0,0,0.0,42,0.0,"[0.77,0.95,0.79,0.92,0.77,0.98,0.54,0.94,0.96,0.97]"
robust_step_0p30_refine10,"Refinement replay, epoch 4",single-epoch projection sensitivity: ten factor steps only in epoch four,complete,measured,4,4,/users/faculty/pandit/code/robust-kernels/runs/fashion10-learning-rates/projection_steps10_step0.30/robust/model.pt,17f3da24d3915e87430ab95ab889d6fed863df350dd7a19f6b42985b85704796,2,0.00784313725490196,pgd-ce-linf,0.846,0.859,0.5316798362731934,1000,20,1,0.00196078431372549,42,0.0078431386500597,"[0.74,0.94,0.77,0.92,0.76,0.97,0.52,0.92,0.95,0.97]"
robust_step_0p30_refine10,"Refinement replay, epoch 4",single-epoch projection sensitivity: ten factor steps only in epoch four,complete,measured,4,4,/users/faculty/pandit/code/robust-kernels/runs/fashion10-learning-rates/projection_steps10_step0.30/robust/model.pt,17f3da24d3915e87430ab95ab889d6fed863df350dd7a19f6b42985b85704796,4,0.01568627450980392,pgd-ce-linf,0.828,0.859,0.5673343620300293,1000,20,1,0.00392156862745098,42,0.0156862773001194,"[0.71,0.94,0.74,0.9,0.71,0.95,0.51,0.91,0.95,0.96]"
robust_step_0p30_refine10,"Refinement replay, epoch 4",single-epoch projection sensitivity: ten factor steps only in epoch four,complete,measured,4,4,/users/faculty/pandit/code/robust-kernels/runs/fashion10-learning-rates/projection_steps10_step0.30/robust/model.pt,17f3da24d3915e87430ab95ab889d6fed863df350dd7a19f6b42985b85704796,8,0.03137254901960784,pgd-ce-linf,0.784,0.859,0.645116132736206,1000,20,1,0.00784313725490196,42,0.0313725546002388,"[0.69,0.93,0.62,0.87,0.63,0.94,0.39,0.9,0.95,0.92]"
robust_step_0p30_refine10,"Refinement replay, epoch 4",single-epoch projection sensitivity: ten factor steps only in epoch four,complete,measured,4,4,/users/faculty/pandit/code/robust-kernels/runs/fashion10-learning-rates/projection_steps10_step0.30/robust/model.pt,17f3da24d3915e87430ab95ab889d6fed863df350dd7a19f6b42985b85704796,12,0.047058823529411764,pgd-ce-linf,0.754,0.859,0.73214723777771,1000,20,1,0.011764705882352941,42,0.0470588281750679,"[0.65,0.93,0.56,0.87,0.59,0.94,0.32,0.86,0.92,0.9]"
robust_step_0p30_refine10,"Refinement replay, epoch 4",single-epoch projection sensitivity: ten factor steps only in epoch four,complete,measured,4,4,/users/faculty/pandit/code/robust-kernels/runs/fashion10-learning-rates/projection_steps10_step0.30/robust/model.pt,17f3da24d3915e87430ab95ab889d6fed863df350dd7a19f6b42985b85704796,16,0.06274509803921569,pgd-ce-linf,0.724,0.859,0.8289355392456055,1000,20,1,0.01568627450980392,42,0.0627451092004776,"[0.6,0.93,0.51,0.85,0.54,0.93,0.28,0.82,0.9,0.88]"
