event,utc,epoch,step,train_accuracy,test_accuracy,train_logistic_loss,test_logistic_loss,objective,elapsed_seconds
training,2026-09-22T18:37:36.675379+00:00,0,0,0.5,0.5,0.6931475423177084,0.693147216796875,8317.7705078125,0.48098403587937355
training,2026-09-22T18:37:37.381822+00:00,1,94,0.9525833333333333,0.9425,0.41865083821614585,0.421080810546875,6356.1381708388235,1.1874296106398106
training,2026-09-22T18:37:37.647087+00:00,2,188,0.9564166666666667,0.945,0.3710278727213542,0.37404315185546877,6118.764401484471,1.452544649131596
training,2026-09-22T18:37:37.911567+00:00,3,282,0.9576666666666667,0.947,0.344505859375,0.34790887451171876,6010.991736557904,1.7171777011826634
training,2026-09-22T18:37:38.175625+00:00,4,376,0.9586666666666667,0.948,0.32644972737630207,0.3301360473632812,5950.293656291214,1.9812357760965824
training,2026-09-22T18:37:38.440094+00:00,5,470,0.9594166666666667,0.948,0.31294258626302085,0.31684274291992187,5912.39793175716,2.245704973116517
training,2026-09-22T18:37:38.704980+00:00,6,564,0.95975,0.948,0.30225970458984375,0.3063304748535156,5887.545100384133,2.5105917118489742
training,2026-09-22T18:37:38.969892+00:00,7,658,0.9600833333333333,0.948,0.2934765421549479,0.29769415283203127,5870.8658733966295,2.775502166710794
training,2026-09-22T18:37:39.234740+00:00,8,752,0.9605833333333333,0.9485,0.28605196126302085,0.29039907836914064,5859.624169499266,3.040352361276746
training,2026-09-22T18:37:39.499735+00:00,9,846,0.9608333333333333,0.9485,0.2796495564778646,0.28410891723632814,5852.147764295691,3.3053455790504813
training,2026-09-22T18:37:39.766163+00:00,10,940,0.9610833333333333,0.9485,0.27403619384765626,0.27859542846679686,5847.364466981327,3.571761875413358
training,2026-09-22T18:37:40.031413+00:00,11,1034,0.9614166666666667,0.9485,0.26905169677734375,0.273701416015625,5844.598123254963,3.836993678472936
training,2026-09-22T18:37:40.295561+00:00,12,1128,0.9616666666666667,0.9485,0.26458111572265625,0.2693131103515625,5843.347898629132,4.1011719619855285
training,2026-09-22T18:37:40.560928+00:00,13,1222,0.96175,0.9485,0.2605349934895833,0.2653424377441406,5843.2802519667375,4.366539126262069
training,2026-09-22T18:37:40.826381+00:00,14,1316,0.9618333333333333,0.949,0.25684529622395835,0.261721923828125,5844.137900905984,4.631991938687861
training,2026-09-22T18:37:41.092190+00:00,15,1410,0.9620833333333333,0.9495,0.2534588623046875,0.2583994140625,5845.716316533556,4.897801429964602
training,2026-09-22T18:37:41.357513+00:00,16,1504,0.9625833333333333,0.95,0.25033492024739584,0.25533460998535157,5847.872902140898,5.163124999962747
training,2026-09-22T18:37:41.622068+00:00,17,1598,0.9629166666666666,0.95,0.24743809000651043,0.2524927825927734,5850.496489801593,5.427678983658552
training,2026-09-22T18:37:41.887656+00:00,18,1692,0.963,0.95,0.244739990234375,0.24984657287597656,5853.498863698922,5.693267337046564
training,2026-09-22T18:37:42.153540+00:00,19,1786,0.9630833333333333,0.951,0.2422179158528646,0.24737297058105467,5856.80626967187,5.959152903407812
training,2026-09-22T18:37:42.419247+00:00,20,1880,0.9631666666666666,0.951,0.23985194905598958,0.2450526580810547,5860.365945651484,6.2248587710782886
training,2026-09-22T18:37:42.685173+00:00,21,1974,0.9633333333333334,0.951,0.23762567138671875,0.2428693389892578,5864.123118553909,6.490784757770598
training,2026-09-22T18:37:42.951127+00:00,22,2068,0.9634166666666667,0.9515,0.23552463785807293,0.24080862426757813,5868.040740196378,6.7567388052120805
training,2026-09-22T18:37:43.217011+00:00,23,2162,0.9635833333333333,0.952,0.23353704833984376,0.23885932922363282,5872.080641331392,7.022622709162533
training,2026-09-22T18:37:43.482862+00:00,24,2256,0.9635833333333333,0.952,0.23165116373697917,0.23700987243652344,5876.231364568075,7.288473353721201
training,2026-09-22T18:37:43.748681+00:00,25,2350,0.96375,0.9515,0.2298582967122396,0.23525169372558594,5880.471349536671,7.55429073702544
training,2026-09-22T18:37:44.014689+00:00,26,2444,0.96375,0.9515,0.22815069580078126,0.23357725524902342,5884.780171540204,7.820300478488207
training,2026-09-22T18:37:44.280530+00:00,27,2538,0.96375,0.952,0.2265214640299479,0.23197955322265626,5889.140304939419,8.086140386760235
training,2026-09-22T18:37:44.550194+00:00,28,2632,0.96375,0.952,0.22496429443359375,0.23045252990722656,5893.538535615509,8.35579036641866
training,2026-09-22T18:37:44.816297+00:00,29,2726,0.9639166666666666,0.952,0.2234742635091146,0.22899118041992186,5897.956014805214,8.621908379718661
training,2026-09-22T18:37:45.082713+00:00,30,2820,0.964,0.952,0.22204640706380208,0.2275904083251953,5902.383610886218,8.888324583880603
training,2026-09-22T18:37:45.348605+00:00,31,2914,0.964,0.952,0.22067535400390625,0.22624569702148437,5906.822800191243,9.154215448535979
training,2026-09-22T18:37:45.614585+00:00,32,3008,0.964,0.9525,0.21935721842447917,0.22495297241210938,5911.266497518502,9.42019525449723
training,2026-09-22T18:37:45.880539+00:00,33,3102,0.964,0.9525,0.2180888671875,0.2237088165283203,5915.704300599939,9.686151045374572
training,2026-09-22T18:37:46.146907+00:00,34,3196,0.964,0.9525,0.21686698404947916,0.22251019287109375,5920.133203057681,9.952518627978861
training,2026-09-22T18:37:46.413075+00:00,35,3290,0.9640833333333333,0.953,0.21568865966796874,0.2213541564941406,5924.551146406286,10.218685733154416
training,2026-09-22T18:37:46.679040+00:00,36,3384,0.9643333333333334,0.9535,0.2145509033203125,0.2202379150390625,5928.959539787442,10.48465095832944
training,2026-09-22T18:37:46.949374+00:00,37,3478,0.9643333333333334,0.9535,0.2134513142903646,0.21915910339355468,5933.352331528009,10.754984346218407
training,2026-09-22T18:37:47.215680+00:00,38,3572,0.9643333333333334,0.953,0.21238761393229166,0.218115478515625,5937.726162196141,11.021290127187967
training,2026-09-22T18:37:47.481826+00:00,39,3666,0.96425,0.953,0.2113577677408854,0.217105224609375,5942.077609372606,11.287437403574586
training,2026-09-22T18:37:47.753749+00:00,40,3760,0.96425,0.953,0.2103599853515625,0.21612651062011717,5946.4064464045505,11.559358885511756
training,2026-09-22T18:37:48.019854+00:00,41,3854,0.96425,0.953,0.20939231363932292,0.21517750549316406,5950.711977453793,11.82546561025083
training,2026-09-22T18:37:48.291379+00:00,42,3948,0.9643333333333334,0.953,0.20845320638020834,0.2142564697265625,5954.991241597194,12.096988759934902
training,2026-09-22T18:37:48.556236+00:00,43,4042,0.9643333333333334,0.953,0.20754115804036458,0.21336207580566408,5959.244203821818,12.361847637221217
training,2026-09-22T18:37:48.824504+00:00,44,4136,0.9643333333333334,0.9525,0.2066549072265625,0.21249307250976562,5963.468355201272,12.630113687366247
training,2026-09-22T18:37:49.090862+00:00,45,4230,0.9643333333333334,0.9525,0.2057930908203125,0.21164801025390625,5967.665605268292,12.896473489701748
training,2026-09-22T18:37:49.357314+00:00,46,4324,0.9643333333333334,0.9525,0.20495444742838542,0.21082557678222658,5971.836665703268,13.162924877367914
training,2026-09-22T18:37:49.629065+00:00,47,4418,0.9644166666666667,0.9525,0.204137939453125,0.21002484130859375,5975.97701811697,13.434674964286387
training,2026-09-22T18:37:49.895336+00:00,48,4512,0.9646666666666667,0.9525,0.20334256998697917,0.20924472045898437,5980.086816234214,13.70094564370811
training,2026-09-22T18:37:50.161353+00:00,49,4606,0.96475,0.9525,0.20256732177734374,0.20848439025878907,5984.165711189718,13.96696302574128
training,2026-09-22T18:37:50.428046+00:00,50,4700,0.96475,0.9525,0.2018115234375,0.2077429656982422,5988.21307367063,14.233656723983586
training,2026-09-22T18:37:50.694487+00:00,51,4794,0.96475,0.9525,0.20107417805989583,0.2070196533203125,5992.22928724102,14.500097014941275
training,2026-09-22T18:37:50.961063+00:00,52,4888,0.9648333333333333,0.9525,0.20035451253255207,0.20631373596191407,5996.217170191746,14.766672829166055
training,2026-09-22T18:37:51.227734+00:00,53,4982,0.9649166666666666,0.9525,0.19965152994791666,0.20562428283691406,6000.173701417212,15.033345607109368
training,2026-09-22T18:37:51.494407+00:00,54,5076,0.9649166666666666,0.9525,0.19896474202473957,0.20495072937011719,6004.101408281513,15.300017883069813
training,2026-09-22T18:37:51.761072+00:00,55,5170,0.9649166666666666,0.953,0.198293701171875,0.20429244995117188,6007.996171883976,15.566683450713754
training,2026-09-22T18:37:52.028153+00:00,56,5264,0.9648333333333333,0.953,0.19763755289713542,0.20364888000488282,6011.8623001921405,15.83375674393028
training,2026-09-22T18:37:52.294924+00:00,57,5358,0.9648333333333333,0.953,0.1969957071940104,0.2030193328857422,6015.697946017396,16.100535670295358
training,2026-09-22T18:37:52.561580+00:00,58,5452,0.9648333333333333,0.953,0.1963676961263021,0.2024032745361328,6019.504657281614,16.36718546319753
training,2026-09-22T18:37:52.828313+00:00,59,5546,0.965,0.953,0.19575309244791667,0.20180030822753905,6023.277324197807,16.633924089372158
training,2026-09-22T18:37:53.095675+00:00,60,5640,0.965,0.953,0.19515132649739583,0.2012098388671875,6027.01900248808,16.901249829679728
training,2026-09-22T18:37:53.362735+00:00,61,5734,0.965,0.953,0.19456180826822916,0.20063137817382812,6030.7329863006,17.168344274163246
training,2026-09-22T18:37:53.629843+00:00,62,5828,0.965,0.9535,0.1939841105143229,0.20006451416015625,6034.419580893423,17.43545374274254
training,2026-09-22T18:37:53.896630+00:00,63,5922,0.9650833333333333,0.9535,0.19341782633463542,0.19950892639160156,6038.078615629907,17.70224084984511
training,2026-09-22T18:37:54.164401+00:00,64,6016,0.9650833333333333,0.9535,0.19286252848307292,0.19896414184570313,6041.70868771123,17.969996760599315
training,2026-09-22T18:37:54.431483+00:00,65,6110,0.9650833333333333,0.9535,0.19231791178385416,0.19842982482910157,6045.309340376012,18.237093838863075
training,2026-09-22T18:37:54.698715+00:00,66,6204,0.9650833333333333,0.9535,0.19178365071614584,0.19790560913085936,6048.88260122561,18.50432417728007
training,2026-09-22T18:37:54.965560+00:00,67,6298,0.9649166666666666,0.9535,0.19125931803385415,0.19739111328125,6052.427073183247,18.771170743741095
training,2026-09-22T18:37:55.232944+00:00,68,6392,0.9649166666666666,0.9535,0.1907447509765625,0.196885986328125,6055.942306137085,19.038555160164833
training,2026-09-22T18:37:55.500051+00:00,69,6486,0.9649166666666666,0.9535,0.19023954264322918,0.19639004516601563,6059.42858912898,19.30566131323576
training,2026-09-22T18:37:55.767194+00:00,70,6580,0.9649166666666666,0.9535,0.18974342854817708,0.19590298461914063,6062.8891685635435,19.572806193493307
training,2026-09-22T18:37:56.034200+00:00,71,6674,0.9649166666666666,0.9535,0.18925602213541667,0.19542451477050782,6066.320696108949,19.839811625890434
training,2026-09-22T18:37:56.301536+00:00,72,6768,0.9649166666666666,0.9535,0.18877703857421874,0.19495428466796874,6069.729092317469,20.107142083346844
training,2026-09-22T18:37:56.568889+00:00,73,6862,0.9649166666666666,0.9535,0.18830631510416668,0.19449209594726563,6073.109736595901,20.37450024113059
training,2026-09-22T18:37:56.835994+00:00,74,6956,0.9649166666666666,0.9535,0.187843505859375,0.1940377197265625,6076.464885434918,20.64160420000553
training,2026-09-22T18:37:57.103410+00:00,75,7050,0.9649166666666666,0.9535,0.18738838704427083,0.1935908203125,6079.7955812566415,20.908984982408583
training,2026-09-22T18:37:57.370752+00:00,76,7144,0.9649166666666666,0.9535,0.18694069417317707,0.19315129089355468,6083.100882818185,21.176362168043852
training,2026-09-22T18:37:57.638336+00:00,77,7238,0.9649166666666666,0.9535,0.18650018310546876,0.1927188720703125,6086.383761858473,21.443946853280067
training,2026-09-22T18:37:57.905579+00:00,78,7332,0.9649166666666666,0.9535,0.18606669108072918,0.1922932891845703,6089.644518818575,21.711189528927207
training,2026-09-22T18:37:58.173691+00:00,79,7426,0.9649166666666666,0.9535,0.18563999430338543,0.19187449645996094,6092.880711342306,21.97930266149342
training,2026-09-22T18:37:58.441036+00:00,80,7520,0.9648333333333333,0.954,0.18522003173828125,0.1914622344970703,6096.094082783718,22.246645205654204
training,2026-09-22T18:37:58.708662+00:00,81,7614,0.9648333333333333,0.954,0.18480657958984376,0.19105638122558594,6099.28271150028,22.514272184111178
training,2026-09-22T18:37:58.975457+00:00,82,7708,0.9649166666666666,0.954,0.18439947509765625,0.19065673828125,6102.447589358162,22.781067203730345
training,2026-09-22T18:37:59.242718+00:00,83,7802,0.965,0.954,0.18399847412109374,0.19026307678222656,6105.5895222682575,23.04832858685404
training,2026-09-22T18:37:59.510339+00:00,84,7896,0.965,0.954,0.18360353597005208,0.1898752746582031,6108.708749614043,23.3159492155537
training,2026-09-22T18:37:59.777920+00:00,85,7990,0.965,0.954,0.18321441650390624,0.18949322509765626,6111.804578107945,23.583529624156654
training,2026-09-22T18:38:00.045597+00:00,86,8084,0.965,0.954,0.18283099365234376,0.18911668395996092,6114.878997166952,23.85120740812272
training,2026-09-22T18:38:00.313469+00:00,87,8178,0.965,0.954,0.1824530029296875,0.18874560546875,6117.931078899608,24.119078980758786
training,2026-09-22T18:38:00.581080+00:00,88,8272,0.965,0.954,0.18208040364583333,0.18837979125976562,6120.962797449149,24.386689984239638
training,2026-09-22T18:38:00.848689+00:00,89,8366,0.9649166666666666,0.954,0.1817130126953125,0.18801907348632813,6123.974917707256,24.65430055744946
training,2026-09-22T18:38:01.116306+00:00,90,8460,0.965,0.954,0.18135076904296876,0.18766342163085936,6126.964518535839,24.921917039901018
training,2026-09-22T18:38:01.384172+00:00,91,8554,0.965,0.954,0.18099346923828125,0.1873126220703125,6129.935061862422,25.18978287372738
training,2026-09-22T18:38:01.651875+00:00,92,8648,0.965,0.955,0.18064101155598958,0.186966552734375,6132.886083258834,25.45748560409993
training,2026-09-22T18:38:01.919689+00:00,93,8742,0.965,0.955,0.1802933146158854,0.18662518310546874,6135.817352900785,25.725301443599164
training,2026-09-22T18:38:02.187577+00:00,94,8836,0.965,0.9555,0.17995017496744792,0.186288330078125,6138.726925300149,25.993187246844172
training,2026-09-22T18:38:02.455424+00:00,95,8930,0.965,0.9555,0.17961165364583334,0.1859559326171875,6141.618749670889,26.261034471914172
training,2026-09-22T18:38:02.723122+00:00,96,9024,0.9650833333333333,0.9555,0.1792774658203125,0.18562789916992187,6144.489658864339,26.52873145416379
training,2026-09-22T18:38:02.991098+00:00,97,9118,0.9650833333333333,0.9555,0.1789476521809896,0.1853041229248047,6147.340895529354,26.79670822340995
training,2026-09-22T18:38:03.258979+00:00,98,9212,0.9650833333333333,0.9555,0.1786220703125,0.18498443603515624,6150.175164353614,27.06458957027644
training,2026-09-22T18:38:03.526919+00:00,99,9306,0.9650833333333333,0.9555,0.17830057779947917,0.18466879272460937,6152.988829900704,27.332529312931
training,2026-09-22T18:38:03.794786+00:00,100,9400,0.9650833333333333,0.9555,0.177983154296875,0.18435708618164062,6155.785079402549,27.600397280417383
